0,1,745,1953,Eisenhower
1,2,745,1953,Eisenhower
2,3,745,1953,Eisenhower
3,4,745,1953,Eisenhower
4,5,745,1953,Eisenhower
5,6,745,1953,Eisenhower
6,6,745,1953,Eisenhower
7,7,745,1953,Eisenhower
8,8,745,1953,Eisenhower
9,9,745,1953,Eisenhower
10,10,745,1953,Eisenhower
11,11,745,1953,Eisenhower
12,12,745,1953,Eisenhower
13,13,745,1953,Eisenhower
14,14,745,1953,Eisenhower
15,15,745,1953,Eisenhower
16,16,745,1953,Eisenhower
17,17,745,1953,Eisenhower
18,17,745,1953,Eisenhower
19,18,745,1953,Eisenhower
20,19,745,1953,Eisenhower
21,20,745,1953,Eisenhower
22,21,745,1953,Eisenhower
23,22,745,1953,Eisenhower
24,23,745,1953,Eisenhower
25,23,745,1953,Eisenhower
26,24,745,1953,Eisenhower
27,25,745,1953,Eisenhower
28,26,745,1953,Eisenhower
29,27,745,1953,Eisenhower
30,28,745,1953,Eisenhower
31,29,745,1953,Eisenhower
32,30,745,1953,Eisenhower
33,31,745,1953,Eisenhower
34,32,745,1953,Eisenhower
35,33,745,1953,Eisenhower
36,34,745,1953,Eisenhower
37,35,745,1953,Eisenhower
38,36,745,1953,Eisenhower
39,37,745,1953,Eisenhower
40,38,745,1953,Eisenhower
41,39,745,1953,Eisenhower
42,40,745,1953,Eisenhower
43,41,745,1953,Eisenhower
44,42,745,1953,Eisenhower
45,43,745,1953,Eisenhower
46,44,745,1953,Eisenhower
47,45,745,1953,Eisenhower
48,46,745,1953,Eisenhower
49,47,745,1953,Eisenhower
50,48,745,1953,Eisenhower
51,49,745,1953,Eisenhower
52,50,745,1953,Eisenhower
53,51,745,1953,Eisenhower
54,52,745,1953,Eisenhower
55,53,745,1953,Eisenhower
56,54,745,1953,Eisenhower
57,55,745,1953,Eisenhower
58,56,745,1953,Eisenhower
59,57,745,1953,Eisenhower
60,57,745,1953,Eisenhower
61,58,745,1953,Eisenhower
62,59,745,1953,Eisenhower
63,59,745,1953,Eisenhower
64,60,745,1953,Eisenhower
65,61,745,1953,Eisenhower
66,62,745,1953,Eisenhower
67,63,745,1953,Eisenhower
68,64,745,1953,Eisenhower
69,65,745,1953,Eisenhower
70,66,745,1953,Eisenhower
71,67,745,1953,Eisenhower
72,68,745,1953,Eisenhower
73,69,745,1953,Eisenhower
74,70,745,1953,Eisenhower
75,71,745,1953,Eisenhower
76,72,745,1953,Eisenhower
77,73,745,1953,Eisenhower
78,74,745,1953,Eisenhower
79,74,745,1953,Eisenhower
80,75,745,1953,Eisenhower
81,76,745,1953,Eisenhower
82,77,745,1953,Eisenhower
83,78,745,1953,Eisenhower
84,79,745,1953,Eisenhower
85,80,745,1953,Eisenhower
86,81,745,1953,Eisenhower
87,81,745,1953,Eisenhower
88,81,745,1953,Eisenhower
89,81,745,1953,Eisenhower
90,82,745,1953,Eisenhower
91,83,745,1953,Eisenhower
92,84,745,1953,Eisenhower
93,85,745,1953,Eisenhower
94,86,745,1953,Eisenhower
95,87,745,1953,Eisenhower
96,88,745,1953,Eisenhower
97,89,745,1953,Eisenhower
98,90,745,1953,Eisenhower
99,91,745,1953,Eisenhower
100,92,745,1953,Eisenhower
101,93,745,1953,Eisenhower
102,93,745,1953,Eisenhower
103,94,745,1953,Eisenhower
104,95,745,1953,Eisenhower
105,96,745,1953,Eisenhower
106,97,745,1953,Eisenhower
107,98,745,1953,Eisenhower
108,99,745,1953,Eisenhower
109,100,745,1953,Eisenhower
110,101,745,1953,Eisenhower
111,102,745,1953,Eisenhower
112,103,745,1953,Eisenhower
113,104,745,1953,Eisenhower
114,104,745,1953,Eisenhower
115,105,745,1953,Eisenhower
116,106,745,1953,Eisenhower
117,107,745,1953,Eisenhower
118,108,745,1953,Eisenhower
119,109,745,1953,Eisenhower
120,110,745,1953,Eisenhower
121,111,745,1953,Eisenhower
122,111,745,1953,Eisenhower
123,112,745,1953,Eisenhower
124,113,745,1953,Eisenhower
125,113,745,1953,Eisenhower
126,114,745,1953,Eisenhower
127,114,745,1953,Eisenhower
128,114,745,1953,Eisenhower
129,115,745,1953,Eisenhower
130,115,745,1953,Eisenhower
131,115,745,1953,Eisenhower
132,116,745,1953,Eisenhower
133,117,745,1953,Eisenhower
134,117,745,1953,Eisenhower
135,117,745,1953,Eisenhower
136,117,745,1953,Eisenhower
137,117,745,1953,Eisenhower
138,118,745,1953,Eisenhower
139,119,745,1953,Eisenhower
140,120,745,1953,Eisenhower
141,120,745,1953,Eisenhower
142,121,745,1953,Eisenhower
143,122,745,1953,Eisenhower
144,123,745,1953,Eisenhower
145,124,745,1953,Eisenhower
146,125,745,1953,Eisenhower
147,126,745,1953,Eisenhower
148,127,745,1953,Eisenhower
149,128,745,1953,Eisenhower
150,129,745,1953,Eisenhower
151,130,745,1953,Eisenhower
152,131,745,1953,Eisenhower
153,132,745,1953,Eisenhower
154,133,745,1953,Eisenhower
155,134,745,1953,Eisenhower
156,135,745,1953,Eisenhower
157,136,745,1953,Eisenhower
158,137,745,1953,Eisenhower
159,138,745,1953,Eisenhower
160,139,745,1953,Eisenhower
161,140,745,1953,Eisenhower
162,141,745,1953,Eisenhower
163,142,745,1953,Eisenhower
164,143,745,1953,Eisenhower
165,144,745,1953,Eisenhower
166,145,745,1953,Eisenhower
167,146,745,1953,Eisenhower
168,146,745,1953,Eisenhower
169,147,745,1953,Eisenhower
170,148,745,1953,Eisenhower
171,148,745,1953,Eisenhower
172,148,745,1953,Eisenhower
173,149,745,1953,Eisenhower
174,150,745,1953,Eisenhower
175,150,745,1953,Eisenhower
176,151,745,1953,Eisenhower
177,151,745,1953,Eisenhower
178,152,745,1953,Eisenhower
179,152,745,1953,Eisenhower
180,152,745,1953,Eisenhower
181,153,745,1953,Eisenhower
182,154,745,1953,Eisenhower
183,154,745,1953,Eisenhower
184,155,745,1953,Eisenhower
185,156,745,1953,Eisenhower
186,157,745,1953,Eisenhower
187,157,745,1953,Eisenhower
188,158,745,1953,Eisenhower
189,159,745,1953,Eisenhower
190,160,745,1953,Eisenhower
191,160,745,1953,Eisenhower
192,161,745,1953,Eisenhower
193,162,745,1953,Eisenhower
194,163,745,1953,Eisenhower
195,164,745,1953,Eisenhower
196,165,745,1953,Eisenhower
197,166,745,1953,Eisenhower
198,167,745,1953,Eisenhower
199,168,745,1953,Eisenhower
200,169,745,1953,Eisenhower
201,170,745,1953,Eisenhower
202,171,745,1953,Eisenhower
203,172,745,1953,Eisenhower
204,172,745,1953,Eisenhower
205,173,745,1953,Eisenhower
206,174,745,1953,Eisenhower
207,175,745,1953,Eisenhower
208,176,745,1953,Eisenhower
209,176,745,1953,Eisenhower
210,176,745,1953,Eisenhower
211,176,745,1953,Eisenhower
212,176,745,1953,Eisenhower
213,177,745,1953,Eisenhower
214,177,745,1953,Eisenhower
215,178,745,1953,Eisenhower
216,179,745,1953,Eisenhower
217,180,745,1953,Eisenhower
218,180,745,1953,Eisenhower
219,181,745,1953,Eisenhower
220,181,745,1953,Eisenhower
221,182,745,1953,Eisenhower
222,183,745,1953,Eisenhower
223,183,745,1953,Eisenhower
224,184,745,1953,Eisenhower
225,185,745,1953,Eisenhower
226,185,745,1953,Eisenhower
227,185,745,1953,Eisenhower
228,186,745,1953,Eisenhower
229,187,745,1953,Eisenhower
230,188,745,1953,Eisenhower
231,189,745,1953,Eisenhower
232,190,745,1953,Eisenhower
233,191,745,1953,Eisenhower
234,191,745,1953,Eisenhower
235,191,745,1953,Eisenhower
236,192,745,1953,Eisenhower
237,193,745,1953,Eisenhower
238,194,745,1953,Eisenhower
239,195,745,1953,Eisenhower
240,196,745,1953,Eisenhower
241,197,745,1953,Eisenhower
242,198,745,1953,Eisenhower
243,198,745,1953,Eisenhower
244,198,745,1953,Eisenhower
245,199,745,1953,Eisenhower
246,199,745,1953,Eisenhower
247,200,745,1953,Eisenhower
248,201,745,1953,Eisenhower
249,202,745,1953,Eisenhower
250,203,745,1953,Eisenhower
251,204,745,1953,Eisenhower
252,205,745,1953,Eisenhower
253,205,745,1953,Eisenhower
254,205,745,1953,Eisenhower
255,205,745,1953,Eisenhower
256,206,745,1953,Eisenhower
257,207,745,1953,Eisenhower
258,207,745,1953,Eisenhower
259,208,745,1953,Eisenhower
260,209,745,1953,Eisenhower
261,210,745,1953,Eisenhower
262,211,745,1953,Eisenhower
263,212,745,1953,Eisenhower
264,213,745,1953,Eisenhower
265,214,745,1953,Eisenhower
266,215,745,1953,Eisenhower
267,215,745,1953,Eisenhower
268,216,745,1953,Eisenhower
269,217,745,1953,Eisenhower
270,218,745,1953,Eisenhower
271,219,745,1953,Eisenhower
272,220,745,1953,Eisenhower
273,221,745,1953,Eisenhower
274,221,745,1953,Eisenhower
275,222,745,1953,Eisenhower
276,223,745,1953,Eisenhower
277,223,745,1953,Eisenhower
278,223,745,1953,Eisenhower
279,223,745,1953,Eisenhower
280,223,745,1953,Eisenhower
281,223,745,1953,Eisenhower
282,223,745,1953,Eisenhower
283,224,745,1953,Eisenhower
284,224,745,1953,Eisenhower
285,225,745,1953,Eisenhower
286,225,745,1953,Eisenhower
287,226,745,1953,Eisenhower
288,227,745,1953,Eisenhower
289,228,745,1953,Eisenhower
290,229,745,1953,Eisenhower
291,230,745,1953,Eisenhower
292,231,745,1953,Eisenhower
293,231,745,1953,Eisenhower
294,232,745,1953,Eisenhower
295,233,745,1953,Eisenhower
296,234,745,1953,Eisenhower
297,235,745,1953,Eisenhower
298,235,745,1953,Eisenhower
299,236,745,1953,Eisenhower
300,237,745,1953,Eisenhower
301,237,745,1953,Eisenhower
302,238,745,1953,Eisenhower
303,239,745,1953,Eisenhower
304,240,745,1953,Eisenhower
305,241,745,1953,Eisenhower
306,242,745,1953,Eisenhower
307,243,745,1953,Eisenhower
308,244,745,1953,Eisenhower
309,245,745,1953,Eisenhower
310,246,745,1953,Eisenhower
311,247,745,1953,Eisenhower
312,247,745,1953,Eisenhower
313,248,745,1953,Eisenhower
314,249,745,1953,Eisenhower
315,250,745,1953,Eisenhower
316,251,745,1953,Eisenhower
317,251,745,1953,Eisenhower
318,252,745,1953,Eisenhower
319,253,745,1953,Eisenhower
320,254,745,1953,Eisenhower
321,255,745,1953,Eisenhower
322,256,745,1953,Eisenhower
323,256,745,1953,Eisenhower
324,257,745,1953,Eisenhower
325,257,745,1953,Eisenhower
326,257,745,1953,Eisenhower
327,258,745,1953,Eisenhower
328,259,745,1953,Eisenhower
329,260,745,1953,Eisenhower
330,261,745,1953,Eisenhower
331,262,745,1953,Eisenhower
332,263,745,1953,Eisenhower
333,263,745,1953,Eisenhower
334,263,745,1953,Eisenhower
335,264,745,1953,Eisenhower
336,265,745,1953,Eisenhower
337,265,745,1953,Eisenhower
338,266,745,1953,Eisenhower
339,267,745,1953,Eisenhower
340,267,745,1953,Eisenhower
341,268,745,1953,Eisenhower
342,269,745,1953,Eisenhower
343,269,745,1953,Eisenhower
344,269,745,1953,Eisenhower
345,269,745,1953,Eisenhower
346,270,745,1953,Eisenhower
347,271,745,1953,Eisenhower
348,272,745,1953,Eisenhower
349,272,745,1953,Eisenhower
350,272,745,1953,Eisenhower
351,272,745,1953,Eisenhower
352,273,745,1953,Eisenhower
353,274,745,1953,Eisenhower
354,275,745,1953,Eisenhower
355,276,745,1953,Eisenhower
356,276,745,1953,Eisenhower
357,277,745,1953,Eisenhower
358,278,745,1953,Eisenhower
359,278,745,1953,Eisenhower
360,278,745,1953,Eisenhower
361,279,745,1953,Eisenhower
362,280,745,1953,Eisenhower
363,281,745,1953,Eisenhower
364,281,745,1953,Eisenhower
365,281,745,1953,Eisenhower
366,281,745,1953,Eisenhower
367,281,745,1953,Eisenhower
368,281,745,1953,Eisenhower
369,282,745,1953,Eisenhower
370,282,745,1953,Eisenhower
371,282,745,1953,Eisenhower
372,283,745,1953,Eisenhower
373,284,745,1953,Eisenhower
374,285,745,1953,Eisenhower
375,285,745,1953,Eisenhower
376,286,745,1953,Eisenhower
377,286,745,1953,Eisenhower
378,287,745,1953,Eisenhower
379,287,745,1953,Eisenhower
380,287,745,1953,Eisenhower
381,288,745,1953,Eisenhower
382,289,745,1953,Eisenhower
383,290,745,1953,Eisenhower
384,290,745,1953,Eisenhower
385,290,745,1953,Eisenhower
386,290,745,1953,Eisenhower
387,291,745,1953,Eisenhower
388,291,745,1953,Eisenhower
389,292,745,1953,Eisenhower
390,293,745,1953,Eisenhower
391,293,745,1953,Eisenhower
392,293,745,1953,Eisenhower
393,294,745,1953,Eisenhower
394,295,745,1953,Eisenhower
395,296,745,1953,Eisenhower
396,296,745,1953,Eisenhower
397,297,745,1953,Eisenhower
398,297,745,1953,Eisenhower
399,298,745,1953,Eisenhower
400,299,745,1953,Eisenhower
401,300,745,1953,Eisenhower
402,300,745,1953,Eisenhower
403,301,745,1953,Eisenhower
404,302,745,1953,Eisenhower
405,302,745,1953,Eisenhower
406,302,745,1953,Eisenhower
407,303,745,1953,Eisenhower
408,304,745,1953,Eisenhower
409,305,745,1953,Eisenhower
410,306,745,1953,Eisenhower
411,307,745,1953,Eisenhower
412,308,745,1953,Eisenhower
413,308,745,1953,Eisenhower
414,309,745,1953,Eisenhower
415,310,745,1953,Eisenhower
416,311,745,1953,Eisenhower
417,312,745,1953,Eisenhower
418,313,745,1953,Eisenhower
419,314,745,1953,Eisenhower
420,315,745,1953,Eisenhower
421,316,745,1953,Eisenhower
422,317,745,1953,Eisenhower
423,318,745,1953,Eisenhower
424,319,745,1953,Eisenhower
425,320,745,1953,Eisenhower
426,321,745,1953,Eisenhower
427,322,745,1953,Eisenhower
428,323,745,1953,Eisenhower
429,324,745,1953,Eisenhower
430,324,745,1953,Eisenhower
431,324,745,1953,Eisenhower
432,324,745,1953,Eisenhower
433,325,745,1953,Eisenhower
434,326,745,1953,Eisenhower
435,327,745,1953,Eisenhower
436,327,745,1953,Eisenhower
437,327,745,1953,Eisenhower
438,328,745,1953,Eisenhower
439,328,745,1953,Eisenhower
440,329,745,1953,Eisenhower
441,330,745,1953,Eisenhower
442,330,745,1953,Eisenhower
443,330,745,1953,Eisenhower
444,330,745,1953,Eisenhower
445,331,745,1953,Eisenhower
446,331,745,1953,Eisenhower
447,332,745,1953,Eisenhower
448,332,745,1953,Eisenhower
449,333,745,1953,Eisenhower
450,334,745,1953,Eisenhower
451,334,745,1953,Eisenhower
452,335,745,1953,Eisenhower
453,336,745,1953,Eisenhower
454,336,745,1953,Eisenhower
455,337,745,1953,Eisenhower
456,338,745,1953,Eisenhower
457,338,745,1953,Eisenhower
458,338,745,1953,Eisenhower
459,339,745,1953,Eisenhower
460,339,745,1953,Eisenhower
461,340,745,1953,Eisenhower
462,341,745,1953,Eisenhower
463,341,745,1953,Eisenhower
464,342,745,1953,Eisenhower
465,343,745,1953,Eisenhower
466,344,745,1953,Eisenhower
467,345,745,1953,Eisenhower
468,345,745,1953,Eisenhower
469,346,745,1953,Eisenhower
470,347,745,1953,Eisenhower
471,348,745,1953,Eisenhower
472,348,745,1953,Eisenhower
473,348,745,1953,Eisenhower
474,348,745,1953,Eisenhower
475,349,745,1953,Eisenhower
476,349,745,1953,Eisenhower
477,350,745,1953,Eisenhower
478,351,745,1953,Eisenhower
479,351,745,1953,Eisenhower
480,352,745,1953,Eisenhower
481,353,745,1953,Eisenhower
482,354,745,1953,Eisenhower
483,355,745,1953,Eisenhower
484,356,745,1953,Eisenhower
485,356,745,1953,Eisenhower
486,357,745,1953,Eisenhower
487,358,745,1953,Eisenhower
488,359,745,1953,Eisenhower
489,359,745,1953,Eisenhower
490,359,745,1953,Eisenhower
491,360,745,1953,Eisenhower
492,361,745,1953,Eisenhower
493,362,745,1953,Eisenhower
494,363,745,1953,Eisenhower
495,364,745,1953,Eisenhower
496,364,745,1953,Eisenhower
497,364,745,1953,Eisenhower
498,365,745,1953,Eisenhower
499,366,745,1953,Eisenhower
500,367,745,1953,Eisenhower
501,367,745,1953,Eisenhower
502,368,745,1953,Eisenhower
503,368,745,1953,Eisenhower
504,368,745,1953,Eisenhower
505,368,745,1953,Eisenhower
506,368,745,1953,Eisenhower
507,368,745,1953,Eisenhower
508,369,745,1953,Eisenhower
509,370,745,1953,Eisenhower
510,371,745,1953,Eisenhower
511,371,745,1953,Eisenhower
512,372,745,1953,Eisenhower
513,372,745,1953,Eisenhower
514,373,745,1953,Eisenhower
515,373,745,1953,Eisenhower
516,374,745,1953,Eisenhower
517,375,745,1953,Eisenhower
518,376,745,1953,Eisenhower
519,377,745,1953,Eisenhower
520,378,745,1953,Eisenhower
521,378,745,1953,Eisenhower
522,378,745,1953,Eisenhower
523,379,745,1953,Eisenhower
524,380,745,1953,Eisenhower
525,381,745,1953,Eisenhower
526,382,745,1953,Eisenhower
527,382,745,1953,Eisenhower
528,383,745,1953,Eisenhower
529,383,745,1953,Eisenhower
530,384,745,1953,Eisenhower
531,384,745,1953,Eisenhower
532,385,745,1953,Eisenhower
533,385,745,1953,Eisenhower
534,385,745,1953,Eisenhower
535,385,745,1953,Eisenhower
536,386,745,1953,Eisenhower
537,387,745,1953,Eisenhower
538,387,745,1953,Eisenhower
539,387,745,1953,Eisenhower
540,387,745,1953,Eisenhower
541,388,745,1953,Eisenhower
542,388,745,1953,Eisenhower
543,388,745,1953,Eisenhower
544,389,745,1953,Eisenhower
545,390,745,1953,Eisenhower
546,391,745,1953,Eisenhower
547,392,745,1953,Eisenhower
548,392,745,1953,Eisenhower
549,392,745,1953,Eisenhower
550,393,745,1953,Eisenhower
551,394,745,1953,Eisenhower
552,395,745,1953,Eisenhower
553,396,745,1953,Eisenhower
554,396,745,1953,Eisenhower
555,397,745,1953,Eisenhower
556,398,745,1953,Eisenhower
557,398,745,1953,Eisenhower
558,399,745,1953,Eisenhower
559,400,745,1953,Eisenhower
560,401,745,1953,Eisenhower
561,402,745,1953,Eisenhower
562,402,745,1953,Eisenhower
563,402,745,1953,Eisenhower
564,402,745,1953,Eisenhower
565,403,745,1953,Eisenhower
566,403,745,1953,Eisenhower
567,404,745,1953,Eisenhower
568,404,745,1953,Eisenhower
569,404,745,1953,Eisenhower
570,404,745,1953,Eisenhower
571,405,745,1953,Eisenhower
572,406,745,1953,Eisenhower
573,407,745,1953,Eisenhower
574,408,745,1953,Eisenhower
575,409,745,1953,Eisenhower
576,410,745,1953,Eisenhower
577,411,745,1953,Eisenhower
578,412,745,1953,Eisenhower
579,413,745,1953,Eisenhower
580,414,745,1953,Eisenhower
581,415,745,1953,Eisenhower
582,416,745,1953,Eisenhower
583,417,745,1953,Eisenhower
584,418,745,1953,Eisenhower
585,418,745,1953,Eisenhower
586,419,745,1953,Eisenhower
587,419,745,1953,Eisenhower
588,419,745,1953,Eisenhower
589,419,745,1953,Eisenhower
590,420,745,1953,Eisenhower
591,421,745,1953,Eisenhower
592,422,745,1953,Eisenhower
593,423,745,1953,Eisenhower
594,424,745,1953,Eisenhower
595,425,745,1953,Eisenhower
596,425,745,1953,Eisenhower
597,426,745,1953,Eisenhower
598,427,745,1953,Eisenhower
599,428,745,1953,Eisenhower
600,428,745,1953,Eisenhower
601,429,745,1953,Eisenhower
602,429,745,1953,Eisenhower
603,429,745,1953,Eisenhower
604,429,745,1953,Eisenhower
605,429,745,1953,Eisenhower
606,430,745,1953,Eisenhower
607,430,745,1953,Eisenhower
608,430,745,1953,Eisenhower
609,431,745,1953,Eisenhower
610,432,745,1953,Eisenhower
611,433,745,1953,Eisenhower
612,434,745,1953,Eisenhower
613,435,745,1953,Eisenhower
614,435,745,1953,Eisenhower
615,435,745,1953,Eisenhower
616,435,745,1953,Eisenhower
617,435,745,1953,Eisenhower
618,436,745,1953,Eisenhower
619,436,745,1953,Eisenhower
620,437,745,1953,Eisenhower
621,438,745,1953,Eisenhower
622,439,745,1953,Eisenhower
623,440,745,1953,Eisenhower
624,440,745,1953,Eisenhower
625,441,745,1953,Eisenhower
626,442,745,1953,Eisenhower
627,442,745,1953,Eisenhower
628,442,745,1953,Eisenhower
629,443,745,1953,Eisenhower
630,443,745,1953,Eisenhower
631,444,745,1953,Eisenhower
632,445,745,1953,Eisenhower
633,446,745,1953,Eisenhower
634,446,745,1953,Eisenhower
635,446,745,1953,Eisenhower
636,446,745,1953,Eisenhower
637,446,745,1953,Eisenhower
638,447,745,1953,Eisenhower
639,447,745,1953,Eisenhower
640,448,745,1953,Eisenhower
641,449,745,1953,Eisenhower
642,449,745,1953,Eisenhower
643,449,745,1953,Eisenhower
644,450,745,1953,Eisenhower
645,450,745,1953,Eisenhower
646,451,745,1953,Eisenhower
647,452,745,1953,Eisenhower
648,452,745,1953,Eisenhower
649,452,745,1953,Eisenhower
650,453,745,1953,Eisenhower
651,454,745,1953,Eisenhower
652,455,745,1953,Eisenhower
653,456,745,1953,Eisenhower
654,456,745,1953,Eisenhower
655,456,745,1953,Eisenhower
656,457,745,1953,Eisenhower
657,458,745,1953,Eisenhower
658,459,745,1953,Eisenhower
659,460,745,1953,Eisenhower
660,461,745,1953,Eisenhower
661,461,745,1953,Eisenhower
662,461,745,1953,Eisenhower
663,461,745,1953,Eisenhower
664,462,745,1953,Eisenhower
665,463,745,1953,Eisenhower
666,464,745,1953,Eisenhower
667,465,745,1953,Eisenhower
668,466,745,1953,Eisenhower
669,466,745,1953,Eisenhower
670,466,745,1953,Eisenhower
671,466,745,1953,Eisenhower
672,466,745,1953,Eisenhower
673,467,745,1953,Eisenhower
674,468,745,1953,Eisenhower
675,468,745,1953,Eisenhower
676,468,745,1953,Eisenhower
677,468,745,1953,Eisenhower
678,468,745,1953,Eisenhower
679,468,745,1953,Eisenhower
680,469,745,1953,Eisenhower
681,469,745,1953,Eisenhower
682,470,745,1953,Eisenhower
683,471,745,1953,Eisenhower
684,471,745,1953,Eisenhower
685,472,745,1953,Eisenhower
686,472,745,1953,Eisenhower
687,472,745,1953,Eisenhower
688,472,745,1953,Eisenhower
689,473,745,1953,Eisenhower
690,474,745,1953,Eisenhower
691,474,745,1953,Eisenhower
692,474,745,1953,Eisenhower
693,475,745,1953,Eisenhower
694,476,745,1953,Eisenhower
695,477,745,1953,Eisenhower
696,478,745,1953,Eisenhower
697,479,745,1953,Eisenhower
698,480,745,1953,Eisenhower
699,481,745,1953,Eisenhower
700,482,745,1953,Eisenhower
701,483,745,1953,Eisenhower
702,484,745,1953,Eisenhower
703,484,745,1953,Eisenhower
704,485,745,1953,Eisenhower
705,485,745,1953,Eisenhower
706,485,745,1953,Eisenhower
707,485,745,1953,Eisenhower
708,486,745,1953,Eisenhower
709,487,745,1953,Eisenhower
710,488,745,1953,Eisenhower
711,489,745,1953,Eisenhower
712,490,745,1953,Eisenhower
713,491,745,1953,Eisenhower
714,491,745,1953,Eisenhower
715,492,745,1953,Eisenhower
716,492,745,1953,Eisenhower
717,492,745,1953,Eisenhower
718,492,745,1953,Eisenhower
719,493,745,1953,Eisenhower
720,494,745,1953,Eisenhower
721,494,745,1953,Eisenhower
722,494,745,1953,Eisenhower
723,494,745,1953,Eisenhower
724,494,745,1953,Eisenhower
725,494,745,1953,Eisenhower
726,494,745,1953,Eisenhower
727,495,745,1953,Eisenhower
728,495,745,1953,Eisenhower
729,496,745,1953,Eisenhower
730,497,745,1953,Eisenhower
731,498,745,1953,Eisenhower
732,498,745,1953,Eisenhower
733,498,745,1953,Eisenhower
734,499,745,1953,Eisenhower
735,499,745,1953,Eisenhower
736,500,745,1953,Eisenhower
737,501,745,1953,Eisenhower
738,501,745,1953,Eisenhower
739,501,745,1953,Eisenhower
740,502,745,1953,Eisenhower
741,503,745,1953,Eisenhower
742,504,745,1953,Eisenhower
743,504,745,1953,Eisenhower
744,505,745,1953,Eisenhower
745,505,745,1953,Eisenhower
746,505,745,1953,Eisenhower
747,505,745,1953,Eisenhower
748,505,745,1953,Eisenhower
749,506,745,1953,Eisenhower
750,507,745,1953,Eisenhower
751,508,745,1953,Eisenhower
752,508,745,1953,Eisenhower
753,509,745,1953,Eisenhower
754,509,745,1953,Eisenhower
755,510,745,1953,Eisenhower
756,510,745,1953,Eisenhower
757,511,745,1953,Eisenhower
758,511,745,1953,Eisenhower
759,512,745,1953,Eisenhower
760,512,745,1953,Eisenhower
761,513,745,1953,Eisenhower
762,513,745,1953,Eisenhower
763,513,745,1953,Eisenhower
764,514,745,1953,Eisenhower
765,515,745,1953,Eisenhower
766,516,745,1953,Eisenhower
767,517,745,1953,Eisenhower
768,517,745,1953,Eisenhower
769,518,745,1953,Eisenhower
770,518,745,1953,Eisenhower
771,519,745,1953,Eisenhower
772,520,745,1953,Eisenhower
773,521,745,1953,Eisenhower
774,521,745,1953,Eisenhower
775,521,745,1953,Eisenhower
776,521,745,1953,Eisenhower
777,522,745,1953,Eisenhower
778,522,745,1953,Eisenhower
779,522,745,1953,Eisenhower
780,522,745,1953,Eisenhower
781,522,745,1953,Eisenhower
782,522,745,1953,Eisenhower
783,522,745,1953,Eisenhower
784,523,745,1953,Eisenhower
785,524,745,1953,Eisenhower
786,525,745,1953,Eisenhower
787,525,745,1953,Eisenhower
788,525,745,1953,Eisenhower
789,525,745,1953,Eisenhower
790,525,745,1953,Eisenhower
791,525,745,1953,Eisenhower
792,525,745,1953,Eisenhower
793,526,745,1953,Eisenhower
794,526,745,1953,Eisenhower
795,527,745,1953,Eisenhower
796,528,745,1953,Eisenhower
797,529,745,1953,Eisenhower
798,529,745,1953,Eisenhower
799,529,745,1953,Eisenhower
800,529,745,1953,Eisenhower
801,530,745,1953,Eisenhower
802,530,745,1953,Eisenhower
803,530,745,1953,Eisenhower
804,530,745,1953,Eisenhower
805,530,745,1953,Eisenhower
806,531,745,1953,Eisenhower
807,532,745,1953,Eisenhower
808,533,745,1953,Eisenhower
809,533,745,1953,Eisenhower
810,534,745,1953,Eisenhower
811,535,745,1953,Eisenhower
812,536,745,1953,Eisenhower
813,536,745,1953,Eisenhower
814,536,745,1953,Eisenhower
815,537,745,1953,Eisenhower
816,538,745,1953,Eisenhower
817,539,745,1953,Eisenhower
818,539,745,1953,Eisenhower
819,539,745,1953,Eisenhower
820,539,745,1953,Eisenhower
821,540,745,1953,Eisenhower
822,541,745,1953,Eisenhower
823,542,745,1953,Eisenhower
824,543,745,1953,Eisenhower
825,544,745,1953,Eisenhower
826,544,745,1953,Eisenhower
827,545,745,1953,Eisenhower
828,545,745,1953,Eisenhower
829,545,745,1953,Eisenhower
830,546,745,1953,Eisenhower
831,547,745,1953,Eisenhower
832,548,745,1953,Eisenhower
833,548,745,1953,Eisenhower
834,548,745,1953,Eisenhower
835,548,745,1953,Eisenhower
836,549,745,1953,Eisenhower
837,550,745,1953,Eisenhower
838,551,745,1953,Eisenhower
839,552,745,1953,Eisenhower
840,553,745,1953,Eisenhower
841,553,745,1953,Eisenhower
842,553,745,1953,Eisenhower
843,554,745,1953,Eisenhower
844,555,745,1953,Eisenhower
845,556,745,1953,Eisenhower
846,557,745,1953,Eisenhower
847,558,745,1953,Eisenhower
848,559,745,1953,Eisenhower
849,560,745,1953,Eisenhower
850,561,745,1953,Eisenhower
851,562,745,1953,Eisenhower
852,562,745,1953,Eisenhower
853,563,745,1953,Eisenhower
854,563,745,1953,Eisenhower
855,563,745,1953,Eisenhower
856,564,745,1953,Eisenhower
857,564,745,1953,Eisenhower
858,564,745,1953,Eisenhower
859,564,745,1953,Eisenhower
860,565,745,1953,Eisenhower
861,566,745,1953,Eisenhower
862,567,745,1953,Eisenhower
863,567,745,1953,Eisenhower
864,568,745,1953,Eisenhower
865,569,745,1953,Eisenhower
866,570,745,1953,Eisenhower
867,571,745,1953,Eisenhower
868,572,745,1953,Eisenhower
869,573,745,1953,Eisenhower
870,574,745,1953,Eisenhower
871,575,745,1953,Eisenhower
872,576,745,1953,Eisenhower
873,576,745,1953,Eisenhower
874,576,745,1953,Eisenhower
875,576,745,1953,Eisenhower
876,576,745,1953,Eisenhower
877,576,745,1953,Eisenhower
878,576,745,1953,Eisenhower
879,577,745,1953,Eisenhower
880,577,745,1953,Eisenhower
881,578,745,1953,Eisenhower
882,578,745,1953,Eisenhower
883,578,745,1953,Eisenhower
884,578,745,1953,Eisenhower
885,578,745,1953,Eisenhower
886,578,745,1953,Eisenhower
887,579,745,1953,Eisenhower
888,580,745,1953,Eisenhower
889,580,745,1953,Eisenhower
890,580,745,1953,Eisenhower
891,580,745,1953,Eisenhower
892,580,745,1953,Eisenhower
893,580,745,1953,Eisenhower
894,580,745,1953,Eisenhower
895,581,745,1953,Eisenhower
896,581,745,1953,Eisenhower
897,581,745,1953,Eisenhower
898,582,745,1953,Eisenhower
899,583,745,1953,Eisenhower
900,584,745,1953,Eisenhower
901,585,745,1953,Eisenhower
902,586,745,1953,Eisenhower
903,587,745,1953,Eisenhower
904,587,745,1953,Eisenhower
905,587,745,1953,Eisenhower
906,587,745,1953,Eisenhower
907,587,745,1953,Eisenhower
908,587,745,1953,Eisenhower
909,587,745,1953,Eisenhower
910,587,745,1953,Eisenhower
911,588,745,1953,Eisenhower
912,588,745,1953,Eisenhower
913,588,745,1953,Eisenhower
914,588,745,1953,Eisenhower
915,588,745,1953,Eisenhower
916,588,745,1953,Eisenhower
917,588,745,1953,Eisenhower
918,589,745,1953,Eisenhower
919,590,745,1953,Eisenhower
920,591,745,1953,Eisenhower
921,591,745,1953,Eisenhower
922,592,745,1953,Eisenhower
923,592,745,1953,Eisenhower
924,592,745,1953,Eisenhower
925,592,745,1953,Eisenhower
926,592,745,1953,Eisenhower
927,593,745,1953,Eisenhower
928,593,745,1953,Eisenhower
929,593,745,1953,Eisenhower
930,593,745,1953,Eisenhower
931,594,745,1953,Eisenhower
932,595,745,1953,Eisenhower
933,595,745,1953,Eisenhower
934,596,745,1953,Eisenhower
935,596,745,1953,Eisenhower
936,597,745,1953,Eisenhower
937,598,745,1953,Eisenhower
938,599,745,1953,Eisenhower
939,600,745,1953,Eisenhower
940,600,745,1953,Eisenhower
941,600,745,1953,Eisenhower
942,600,745,1953,Eisenhower
943,601,745,1953,Eisenhower
944,601,745,1953,Eisenhower
945,602,745,1953,Eisenhower
946,602,745,1953,Eisenhower
947,603,745,1953,Eisenhower
948,604,745,1953,Eisenhower
949,605,745,1953,Eisenhower
950,606,745,1953,Eisenhower
951,606,745,1953,Eisenhower
952,606,745,1953,Eisenhower
953,606,745,1953,Eisenhower
954,606,745,1953,Eisenhower
955,606,745,1953,Eisenhower
956,606,745,1953,Eisenhower
957,607,745,1953,Eisenhower
958,607,745,1953,Eisenhower
959,608,745,1953,Eisenhower
960,609,745,1953,Eisenhower
961,610,745,1953,Eisenhower
962,610,745,1953,Eisenhower
963,611,745,1953,Eisenhower
964,612,745,1953,Eisenhower
965,612,745,1953,Eisenhower
966,613,745,1953,Eisenhower
967,614,745,1953,Eisenhower
968,614,745,1953,Eisenhower
969,614,745,1953,Eisenhower
970,615,745,1953,Eisenhower
971,615,745,1953,Eisenhower
972,615,745,1953,Eisenhower
973,615,745,1953,Eisenhower
974,616,745,1953,Eisenhower
975,616,745,1953,Eisenhower
976,616,745,1953,Eisenhower
977,616,745,1953,Eisenhower
978,616,745,1953,Eisenhower
979,616,745,1953,Eisenhower
980,617,745,1953,Eisenhower
981,618,745,1953,Eisenhower
982,619,745,1953,Eisenhower
983,620,745,1953,Eisenhower
984,621,745,1953,Eisenhower
985,621,745,1953,Eisenhower
986,621,745,1953,Eisenhower
987,621,745,1953,Eisenhower
988,621,745,1953,Eisenhower
989,622,745,1953,Eisenhower
990,622,745,1953,Eisenhower
991,622,745,1953,Eisenhower
992,622,745,1953,Eisenhower
993,623,745,1953,Eisenhower
994,623,745,1953,Eisenhower
995,623,745,1953,Eisenhower
996,623,745,1953,Eisenhower
997,623,745,1953,Eisenhower
998,624,745,1953,Eisenhower
999,625,745,1953,Eisenhower
1000,625,745,1953,Eisenhower
1001,626,745,1953,Eisenhower
1002,627,745,1953,Eisenhower
1003,627,745,1953,Eisenhower
1004,627,745,1953,Eisenhower
1005,628,745,1953,Eisenhower
1006,628,745,1953,Eisenhower
1007,629,745,1953,Eisenhower
1008,630,745,1953,Eisenhower
1009,631,745,1953,Eisenhower
1010,631,745,1953,Eisenhower
1011,632,745,1953,Eisenhower
1012,632,745,1953,Eisenhower
1013,633,745,1953,Eisenhower
1014,634,745,1953,Eisenhower
1015,635,745,1953,Eisenhower
1016,635,745,1953,Eisenhower
1017,635,745,1953,Eisenhower
1018,635,745,1953,Eisenhower
1019,635,745,1953,Eisenhower
1020,635,745,1953,Eisenhower
1021,635,745,1953,Eisenhower
1022,636,745,1953,Eisenhower
1023,637,745,1953,Eisenhower
1024,637,745,1953,Eisenhower
1025,637,745,1953,Eisenhower
1026,637,745,1953,Eisenhower
1027,637,745,1953,Eisenhower
1028,638,745,1953,Eisenhower
1029,639,745,1953,Eisenhower
1030,639,745,1953,Eisenhower
1031,639,745,1953,Eisenhower
1032,639,745,1953,Eisenhower
1033,640,745,1953,Eisenhower
1034,641,745,1953,Eisenhower
1035,641,745,1953,Eisenhower
1036,641,745,1953,Eisenhower
1037,642,745,1953,Eisenhower
1038,643,745,1953,Eisenhower
1039,643,745,1953,Eisenhower
1040,644,745,1953,Eisenhower
1041,645,745,1953,Eisenhower
1042,645,745,1953,Eisenhower
1043,645,745,1953,Eisenhower
1044,645,745,1953,Eisenhower
1045,646,745,1953,Eisenhower
1046,646,745,1953,Eisenhower
1047,647,745,1953,Eisenhower
1048,647,745,1953,Eisenhower
1049,647,745,1953,Eisenhower
1050,648,745,1953,Eisenhower
1051,648,745,1953,Eisenhower
1052,648,745,1953,Eisenhower
1053,649,745,1953,Eisenhower
1054,649,745,1953,Eisenhower
1055,649,745,1953,Eisenhower
1056,649,745,1953,Eisenhower
1057,649,745,1953,Eisenhower
1058,650,745,1953,Eisenhower
1059,650,745,1953,Eisenhower
1060,650,745,1953,Eisenhower
1061,651,745,1953,Eisenhower
1062,652,745,1953,Eisenhower
1063,652,745,1953,Eisenhower
1064,652,745,1953,Eisenhower
1065,652,745,1953,Eisenhower
1066,652,745,1953,Eisenhower
1067,652,745,1953,Eisenhower
1068,652,745,1953,Eisenhower
1069,652,745,1953,Eisenhower
1070,653,745,1953,Eisenhower
1071,654,745,1953,Eisenhower
1072,655,745,1953,Eisenhower
1073,655,745,1953,Eisenhower
1074,655,745,1953,Eisenhower
1075,656,745,1953,Eisenhower
1076,656,745,1953,Eisenhower
1077,656,745,1953,Eisenhower
1078,656,745,1953,Eisenhower
1079,656,745,1953,Eisenhower
1080,656,745,1953,Eisenhower
1081,656,745,1953,Eisenhower
1082,656,745,1953,Eisenhower
1083,656,745,1953,Eisenhower
1084,657,745,1953,Eisenhower
1085,658,745,1953,Eisenhower
1086,659,745,1953,Eisenhower
1087,659,745,1953,Eisenhower
1088,659,745,1953,Eisenhower
1089,659,745,1953,Eisenhower
1090,660,745,1953,Eisenhower
1091,660,745,1953,Eisenhower
1092,660,745,1953,Eisenhower
1093,661,745,1953,Eisenhower
1094,662,745,1953,Eisenhower
1095,663,745,1953,Eisenhower
1096,664,745,1953,Eisenhower
1097,665,745,1953,Eisenhower
1098,666,745,1953,Eisenhower
1099,666,745,1953,Eisenhower
1100,667,745,1953,Eisenhower
1101,667,745,1953,Eisenhower
1102,668,745,1953,Eisenhower
1103,668,745,1953,Eisenhower
1104,668,745,1953,Eisenhower
1105,669,745,1953,Eisenhower
1106,669,745,1953,Eisenhower
1107,669,745,1953,Eisenhower
1108,669,745,1953,Eisenhower
1109,670,745,1953,Eisenhower
1110,670,745,1953,Eisenhower
1111,670,745,1953,Eisenhower
1112,670,745,1953,Eisenhower
1113,670,745,1953,Eisenhower
1114,670,745,1953,Eisenhower
1115,671,745,1953,Eisenhower
1116,671,745,1953,Eisenhower
1117,671,745,1953,Eisenhower
1118,671,745,1953,Eisenhower
1119,671,745,1953,Eisenhower
1120,671,745,1953,Eisenhower
1121,671,745,1953,Eisenhower
1122,671,745,1953,Eisenhower
1123,672,745,1953,Eisenhower
1124,672,745,1953,Eisenhower
1125,672,745,1953,Eisenhower
1126,672,745,1953,Eisenhower
1127,672,745,1953,Eisenhower
1128,673,745,1953,Eisenhower
1129,674,745,1953,Eisenhower
1130,674,745,1953,Eisenhower
1131,675,745,1953,Eisenhower
1132,676,745,1953,Eisenhower
1133,676,745,1953,Eisenhower
1134,676,745,1953,Eisenhower
1135,677,745,1953,Eisenhower
1136,678,745,1953,Eisenhower
1137,678,745,1953,Eisenhower
1138,679,745,1953,Eisenhower
1139,680,745,1953,Eisenhower
1140,680,745,1953,Eisenhower
1141,680,745,1953,Eisenhower
1142,680,745,1953,Eisenhower
1143,681,745,1953,Eisenhower
1144,682,745,1953,Eisenhower
1145,682,745,1953,Eisenhower
1146,683,745,1953,Eisenhower
1147,683,745,1953,Eisenhower
1148,684,745,1953,Eisenhower
1149,684,745,1953,Eisenhower
1150,685,745,1953,Eisenhower
1151,685,745,1953,Eisenhower
1152,686,745,1953,Eisenhower
1153,686,745,1953,Eisenhower
1154,687,745,1953,Eisenhower
1155,687,745,1953,Eisenhower
1156,687,745,1953,Eisenhower
1157,688,745,1953,Eisenhower
1158,689,745,1953,Eisenhower
1159,689,745,1953,Eisenhower
1160,689,745,1953,Eisenhower
1161,689,745,1953,Eisenhower
1162,690,745,1953,Eisenhower
1163,691,745,1953,Eisenhower
1164,691,745,1953,Eisenhower
1165,692,745,1953,Eisenhower
1166,692,745,1953,Eisenhower
1167,693,745,1953,Eisenhower
1168,693,745,1953,Eisenhower
1169,693,745,1953,Eisenhower
1170,693,745,1953,Eisenhower
1171,693,745,1953,Eisenhower
1172,693,745,1953,Eisenhower
1173,694,745,1953,Eisenhower
1174,695,745,1953,Eisenhower
1175,695,745,1953,Eisenhower
1176,695,745,1953,Eisenhower
1177,696,745,1953,Eisenhower
1178,696,745,1953,Eisenhower
1179,697,745,1953,Eisenhower
1180,697,745,1953,Eisenhower
1181,698,745,1953,Eisenhower
1182,699,745,1953,Eisenhower
1183,699,745,1953,Eisenhower
1184,699,745,1953,Eisenhower
1185,699,745,1953,Eisenhower
1186,700,745,1953,Eisenhower
1187,700,745,1953,Eisenhower
1188,700,745,1953,Eisenhower
1189,700,745,1953,Eisenhower
1190,700,745,1953,Eisenhower
1191,701,745,1953,Eisenhower
1192,701,745,1953,Eisenhower
1193,702,745,1953,Eisenhower
1194,702,745,1953,Eisenhower
1195,702,745,1953,Eisenhower
1196,702,745,1953,Eisenhower
1197,702,745,1953,Eisenhower
1198,702,745,1953,Eisenhower
1199,703,745,1953,Eisenhower
1200,704,745,1953,Eisenhower
1201,704,745,1953,Eisenhower
1202,705,745,1953,Eisenhower
1203,705,745,1953,Eisenhower
1204,706,745,1953,Eisenhower
1205,706,745,1953,Eisenhower
1206,706,745,1953,Eisenhower
1207,707,745,1953,Eisenhower
1208,707,745,1953,Eisenhower
1209,708,745,1953,Eisenhower
1210,708,745,1953,Eisenhower
1211,708,745,1953,Eisenhower
1212,708,745,1953,Eisenhower
1213,709,745,1953,Eisenhower
1214,710,745,1953,Eisenhower
1215,711,745,1953,Eisenhower
1216,711,745,1953,Eisenhower
1217,712,745,1953,Eisenhower
1218,713,745,1953,Eisenhower
1219,713,745,1953,Eisenhower
1220,714,745,1953,Eisenhower
1221,714,745,1953,Eisenhower
1222,714,745,1953,Eisenhower
1223,715,745,1953,Eisenhower
1224,715,745,1953,Eisenhower
1225,715,745,1953,Eisenhower
1226,715,745,1953,Eisenhower
1227,715,745,1953,Eisenhower
1228,716,745,1953,Eisenhower
1229,716,745,1953,Eisenhower
1230,716,745,1953,Eisenhower
1231,716,745,1953,Eisenhower
1232,716,745,1953,Eisenhower
1233,717,745,1953,Eisenhower
1234,717,745,1953,Eisenhower
1235,718,745,1953,Eisenhower
1236,719,745,1953,Eisenhower
1237,720,745,1953,Eisenhower
1238,721,745,1953,Eisenhower
1239,721,745,1953,Eisenhower
1240,722,745,1953,Eisenhower
1241,722,745,1953,Eisenhower
1242,723,745,1953,Eisenhower
1243,723,745,1953,Eisenhower
1244,724,745,1953,Eisenhower
1245,724,745,1953,Eisenhower
1246,724,745,1953,Eisenhower
1247,724,745,1953,Eisenhower
1248,725,745,1953,Eisenhower
1249,725,745,1953,Eisenhower
1250,725,745,1953,Eisenhower
1251,725,745,1953,Eisenhower
1252,725,745,1953,Eisenhower
1253,725,745,1953,Eisenhower
1254,726,745,1953,Eisenhower
1255,726,745,1953,Eisenhower
1256,726,745,1953,Eisenhower
1257,726,745,1953,Eisenhower
1258,726,745,1953,Eisenhower
1259,726,745,1953,Eisenhower
1260,726,745,1953,Eisenhower
1261,726,745,1953,Eisenhower
1262,726,745,1953,Eisenhower
1263,726,745,1953,Eisenhower
1264,726,745,1953,Eisenhower
1265,726,745,1953,Eisenhower
1266,727,745,1953,Eisenhower
1267,727,745,1953,Eisenhower
1268,728,745,1953,Eisenhower
1269,728,745,1953,Eisenhower
1270,728,745,1953,Eisenhower
1271,728,745,1953,Eisenhower
1272,729,745,1953,Eisenhower
1273,729,745,1953,Eisenhower
1274,729,745,1953,Eisenhower
1275,730,745,1953,Eisenhower
1276,731,745,1953,Eisenhower
1277,732,745,1953,Eisenhower
1278,733,745,1953,Eisenhower
1279,734,745,1953,Eisenhower
1280,734,745,1953,Eisenhower
1281,735,745,1953,Eisenhower
1282,736,745,1953,Eisenhower
1283,737,745,1953,Eisenhower
1284,737,745,1953,Eisenhower
1285,737,745,1953,Eisenhower
1286,737,745,1953,Eisenhower
1287,738,745,1953,Eisenhower
1288,738,745,1953,Eisenhower
1289,739,745,1953,Eisenhower
1290,739,745,1953,Eisenhower
1291,739,745,1953,Eisenhower
1292,740,745,1953,Eisenhower
1293,740,745,1953,Eisenhower
1294,741,745,1953,Eisenhower
1295,741,745,1953,Eisenhower
1296,741,745,1953,Eisenhower
1297,741,745,1953,Eisenhower
1298,741,745,1953,Eisenhower
1299,742,745,1953,Eisenhower
1300,742,745,1953,Eisenhower
1301,743,745,1953,Eisenhower
1302,744,745,1953,Eisenhower
1303,745,745,1953,Eisenhower
1304,745,745,1953,Eisenhower
1305,745,745,1953,Eisenhower
1306,745,745,1953,Eisenhower
